{
  "name": "MicroFurnaceWipMod",
  "version": "1.0.14",
  "factorio_version": "2.0",
  "title": "Micro Furnace",
  "author": "WipMod",
  "contact": "https://t.me/wipmod",
  "homepage": "mods.factorio.com/mods/WipMod/MicroFurnace",
  "description": "A powerful MicroFurnace that help you make you smelting factory",
  "dependencies": [
    "base >= 2.0",
    "? boblogistics >= 0.17.15",
    "? bobplates >= 0.17.11",
    "? FactorioExtended-Plus-Transport >= 0.2.6",
    "? deadlock-beltboxes-loaders >= 2.2.0",
    "? krastorio2 >= 0.9",
    "? Random_Utilities >= 2.0.0",
    "? leighzeruraniuminnovations >= 0.1.1"
  ]
}
